type,rd_percentage,pause,bandwidth_bytes_per_second,latency_core_ptr_chase,latency_mem_ptr_chase,latency_mem_ptr_chase_ram,bandwidth_ram
DDR4-1.2,0,0,134499406296.85156,61.742844806316306,174.58333333333334,273.51232000000005,67251200000.0
DDR4-1.2,0,5,133907804497.7511,49.20415190869736,135.0,238.96614583333331,66954861769.0
DDR4-1.2,0,10,130921316941.52922,37.0053793256433,100.0,194.64827666666667,65462347227.0
DDR4-1.2,0,15,110390884557.72113,23.769591768843267,54.16666666666667,108.165115,55197015892.0
DDR4-1.2,0,20,110214179310.34483,23.080553248431155,51.66666666666667,103.22360083333334,55108356222.0
DDR4-1.2,0,25,107887304347.82608,22.564010642135642,50.0,99.92054583333334,53945187406.0
DDR4-1.2,0,30,106703026086.95651,22.12412595149584,48.333333333333336,96.29110750000001,53352242279.0
DDR4-1.2,0,35,104582256071.964,21.771589623052147,47.5,94.20570583333334,52292356222.0
DDR4-1.2,0,40,103520105547.22638,21.46337408837409,45.833333333333336,91.510465,51761856672.0
DDR4-1.2,0,45,102679412293.85307,20.931291321449496,44.583333333333336,88.55786333333333,51340627286.0
DDR4-1.2,0,50,100853637181.4093,20.75441762070682,43.75,87.199575,50427662969.0
DDR4-1.2,0,55,99763622188.90555,20.364377289377288,42.5,84.92057333333334,49882617092.0
DDR4-1.2,0,60,98309143028.48576,20.189981840193706,41.66666666666667,83.22327666666666,49156145127.0
DDR4-1.2,0,65,97107056071.964,19.887958104777805,40.833333333333336,80.9017675,48554372414.0
DDR4-1.2,0,70,95630392803.5982,19.62738291362674,39.583333333333336,79.11128000000001,47816309445.0
DDR4-1.2,0,80,93486440779.6102,19.19591013824885,37.91666666666667,75.75999416666667,46744448576.0
DDR4-1.2,0,90,91053327736.13193,18.91058201058201,36.66666666666667,72.98052416666667,45527508246.0
DDR4-1.2,0,100,88185820689.65517,18.585506277393954,35.41666666666667,70.49405166666666,44094176912.0
DDR4-1.2,0,120,82927035682.15892,18.04878246753247,33.333333333333336,66.54827583333334,41464093553.0
DDR4-1.2,0,140,77634475562.21889,17.74997338726847,31.666666666666668,63.178741666666674,38818427586.0
DDR4-1.2,0,160,72796574512.74364,17.64626984126984,30.0,59.96009583333334,36399323538.0
DDR4-1.2,0,180,68235475862.06897,17.492273267603665,29.166666666666668,57.75764916666667,34118582309.0
DDR4-1.2,0,200,64197123838.080956,17.29573571083005,28.333333333333336,56.35271166666667,32099252774.0
DDR4-1.2,0,220,60266084557.72114,17.1876159554731,27.916666666666668,55.31758166666666,30133963418.0
DDR4-1.2,0,260,53526337631.1844,17.02809285373663,26.666666666666668,53.21385666666667,26764128336.0
DDR4-1.2,0,300,48025062668.66567,16.905412022965216,25.833333333333336,51.589331666666666,24013260569.0
DDR4-1.2,0,340,43560606896.55173,16.83155098197471,25.416666666666668,50.71238,21780840779.0
DDR4-1.2,0,380,39662498350.824585,16.736782704654896,25.416666666666668,50.089115,19831748126.0
DDR4-1.2,0,450,34080930734.63268,16.689617513672136,24.583333333333336,49.14780583333334,17041232983.0
DDR4-1.2,0,550,28129986206.89655,16.633504588986433,24.166666666666668,48.258068333333334,14065607196.0
DDR4-1.2,0,600,25913955022.488754,16.612356379092784,24.166666666666668,47.72539416666667,12957361320.0
DDR4-1.2,0,700,22092531334.332832,16.570476521623952,23.75,47.1726125,11046457571.0
DDR4-1.2,0,800,19341241379.310345,16.527095304141074,23.75,46.75324666666667,9670812593.0
DDR4-1.2,0,900,17038392803.5982,16.5385333994709,23.333333333333336,46.48188833333334,8519810495.0
DDR4-1.2,0,1000,15312791604.1979,16.56120438439632,23.333333333333336,46.23809583333333,7656549325.0
DDR4-1.2,0,2000,9124269865.067467,16.51733703190014,22.916666666666668,45.33900916666666,4562173313.0
DDR4-1.2,0,10000,5191158020.989506,16.435353037766834,21.25,42.384615000000004,2595617391.0
DDR4-1.2,10,0,132972310644.67766,51.35688628899836,143.75,226.59089583333332,66488688456.0
DDR4-1.2,10,5,131750572713.64317,44.78580379520229,122.91666666666667,216.79050333333333,65877550825.0
DDR4-1.2,10,10,128185686356.82158,35.355835806132546,95.83333333333334,186.61536750000002,64094723838.0
DDR4-1.2,10,15,105899331934.03297,23.08793604651163,52.083333333333336,103.81344333333334,52951201200.0
DDR4-1.2,10,20,104389814692.65367,22.52074894229904,50.0,99.89762916666668,52195636582.0
DDR4-1.2,10,25,102306657871.06445,22.140777128695344,48.75,96.895145,51155056072.0
DDR4-1.2,10,30,101566368815.5922,21.77360276834683,47.5,94.40188500000001,50784297451.0
DDR4-1.2,10,35,99772910344.82758,21.382138582542535,46.25,91.74085000000001,49888105547.0
DDR4-1.2,10,40,98589399700.14993,21.124398429584602,45.0,89.62461833333334,49295736132.0
DDR4-1.2,10,45,96679263568.21588,20.748268209722916,43.75,87.1996175,48340437781.0
DDR4-1.2,10,50,95876797601.1994,20.506280222932546,42.91666666666667,85.2507025,47939396702.0
DDR4-1.2,10,55,94252137931.03448,20.218489772819144,42.083333333333336,83.34892083333334,47127143629.0
DDR4-1.2,10,60,93268437781.10944,19.89160505604579,40.833333333333336,81.27413583333335,46636022789.0
DDR4-1.2,10,65,91850650674.66266,19.721814884894357,40.0,79.82531916666667,45926783808.0
DDR4-1.2,10,70,90448062368.81558,19.492294053464267,39.16666666666667,77.78746083333334,45225297751.0
DDR4-1.2,10,80,88065228185.90704,19.084897741147742,37.5,74.58859500000001,44034379610.0
DDR4-1.2,10,90,85500929535.23238,18.767941507311587,36.25,71.90818833333334,42751117242.0
DDR4-1.2,10,100,83221723538.23088,18.520430645041845,35.0,69.5904025,41612089955.0
DDR4-1.2,10,120,78570429985.00749,17.993184433894402,33.333333333333336,66.07853583333333,39286443179.0
DDR4-1.2,10,140,73674497151.42429,17.857205325908474,31.666666666666668,62.83904916666667,36837670764.0
DDR4-1.2,10,160,69146943328.33582,17.57264889731704,30.0,59.94638666666667,34574623089.0
DDR4-1.2,10,180,64719409895.05248,17.53830037169507,29.166666666666668,57.82425,32360050375.0
DDR4-1.2,10,200,60802955322.33882,17.30950650609081,28.333333333333336,56.53120083333334,30401861469.0
DDR4-1.2,10,220,57124385007.496254,17.211008464079274,27.916666666666668,55.165031666666664,28563075262.0
DDR4-1.2,10,260,50895486656.67166,17.001273690646016,26.666666666666668,53.229014166666666,25448242279.0
DDR4-1.2,10,300,45734035382.30884,16.926339285714285,26.25,51.80305833333334,22867746927.0
DDR4-1.2,10,340,41437457271.36432,16.784314218645207,25.833333333333336,50.93543916666667,20719265967.0
DDR4-1.2,10,380,37811852473.763115,16.73840456126271,25.416666666666668,50.46773833333334,18906808995.0
DDR4-1.2,10,450,32515838080.95952,16.6921101774043,25.0,49.410988333333336,16258648276.0
DDR4-1.2,10,550,27254212893.55322,16.642266892790637,24.583333333333336,48.4175825,13627490255.0
DDR4-1.2,10,600,25072110344.827587,16.6359736632083,24.166666666666668,47.94738166666667,12536899551.0
DDR4-1.2,10,700,21692449775.112442,16.587826634832204,23.75,47.4923575,10846378411.0
DDR4-1.2,10,800,18868696851.57421,16.541112764550263,23.75,46.94535333333334,9434348426.0
DDR4-1.2,10,900,16788917541.229385,16.586541650086218,23.75,46.8134075,8395149626.0
DDR4-1.2,10,1000,15160803598.2009,16.516263787068226,23.333333333333336,46.48204500000001,7580977511.0
DDR4-1.2,10,2000,9126495952.023987,16.50529283735655,22.916666666666668,45.23507583333333,4563324738.0
DDR4-1.2,10,10000,5196991904.047976,16.42381773399015,21.25,42.28523916666666,2598495952.0
DDR4-1.2,20,0,128552530134.93254,49.649900793650794,131.66666666666669,215.34538583333335,64279297151.0
DDR4-1.2,20,5,128555830884.55771,41.51267214202754,111.25,197.30437666666668,64280563718.0
DDR4-1.2,20,10,124710534332.83357,32.91549921073402,87.08333333333334,169.1058625,62356610495.0
DDR4-1.2,20,15,102335443478.26085,22.440543449018026,50.0,99.79974750000001,51168949925.0
DDR4-1.2,20,20,100650295652.1739,21.94504735595896,48.333333333333336,96.11570916666668,50326260870.0
DDR4-1.2,20,25,98693718740.62968,21.619533748163512,47.083333333333336,93.34667083333335,49348548126.0
DDR4-1.2,20,30,97520954722.63867,21.27361819727891,45.833333333333336,91.38071333333335,48762166117.0
DDR4-1.2,20,35,95646666266.86658,21.007359116486104,44.583333333333336,89.02113416666667,47824215892.0
DDR4-1.2,20,40,94312856371.81409,20.638699760666835,43.75,86.79185916666667,47158040180.0
DDR4-1.2,20,45,92705161019.49026,20.298987993834672,42.5,84.40473750000001,46353847076.0
DDR4-1.2,20,50,91394072563.71812,20.125754102316602,41.25,82.49946833333334,45697995802.0
DDR4-1.2,20,55,90183234782.60869,19.790836101882615,40.41666666666667,80.66880250000001,45092883958.0
DDR4-1.2,20,60,88731058470.7646,19.692611176702087,40.0,79.34546,44366565517.0
DDR4-1.2,20,65,87678196101.949,19.39433069644796,38.75,77.28700083333334,43840095952.0
DDR4-1.2,20,70,86245056671.66415,19.177957978682617,37.91666666666667,75.68208583333335,43123718141.0
DDR4-1.2,20,80,83915418290.85457,18.79135684242151,36.66666666666667,72.82753083333334,41958707046.0
DDR4-1.2,20,90,81823894452.77362,18.384544018224574,35.41666666666667,70.07357333333334,40912599701.0
DDR4-1.2,20,100,79548680059.97002,18.320457875457876,34.16666666666667,68.29058250000001,39775529835.0
DDR4-1.2,20,120,75184474962.51874,17.884035821535825,32.5,64.35896,37593197002.0
DDR4-1.2,20,140,70630745427.28636,17.699833722493455,30.833333333333336,61.66041,35316063568.0
DDR4-1.2,20,160,66250727436.28185,17.546891436987167,29.583333333333336,58.86503166666667,33125824288.0
DDR4-1.2,20,180,61970038980.50974,17.388277719847064,28.75,57.184566666666676,30985863868.0
DDR4-1.2,20,200,58195132833.5832,17.263621463077985,27.916666666666668,55.804252500000004,29098641079.0
DDR4-1.2,20,220,54714607496.25187,17.110803229337712,27.5,54.94505083333333,27358340030.0
DDR4-1.2,20,260,48859691754.12294,17.001587867672036,26.666666666666668,53.06706333333334,24430651874.0
DDR4-1.2,20,300,43895748125.937035,16.895466058763933,26.25,51.9458775,21948181110.0
DDR4-1.2,20,340,39930626686.65667,16.798685271005443,25.833333333333336,50.97852,19965965817.0
DDR4-1.2,20,380,36381706746.626686,16.728999464954523,25.416666666666668,50.25573166666667,18191275562.0
DDR4-1.2,20,450,31221637181.409294,16.687891823396026,25.0,49.64933833333333,15611048876.0
DDR4-1.2,20,550,26431405097.45127,16.633238560787444,24.583333333333336,48.490609166666665,13215894453.0
DDR4-1.2,20,600,24345638380.809597,16.612024307631003,24.166666666666668,48.19273833333333,12173625188.0
DDR4-1.2,20,700,21213150224.887554,16.56125405656004,24.166666666666668,47.57946166666667,10606536731.0
DDR4-1.2,20,800,18441979010.49475,16.587304350709644,23.75,47.29639416666667,9221066267.0
DDR4-1.2,20,900,16524320239.880058,16.591930295795198,23.75,46.87521916666667,8262850974.0
DDR4-1.2,20,1000,14968669265.367315,16.538698743386245,23.333333333333336,46.607370833333334,7485217391.0
DDR4-1.2,20,2000,9125421289.355324,16.506570703073475,22.916666666666668,45.32679666666667,4562787406.0
DDR4-1.2,20,10000,5192923538.2308855,16.446880755064456,21.25,42.33294583333333,2596500150.0
DDR4-1.2,30,0,131130031784.10793,46.7171802054155,130.83333333333334,211.26850583333334,65567664168.0
DDR4-1.2,30,5,130081007496.25186,40.80569145466406,112.5,199.03977500000002,65043267166.0
DDR4-1.2,30,10,124785914242.87856,30.859980261534666,81.25,160.27103833333334,62395068066.0
DDR4-1.2,30,15,98624326236.88156,21.54764057521743,47.083333333333336,93.37012916666667,49313583208.0
DDR4-1.2,30,20,96751112443.77809,21.198493899339095,45.41666666666667,90.79691500000001,48376976312.0
DDR4-1.2,30,25,95138427586.2069,20.930987948782327,44.583333333333336,88.85305416666667,47571247976.0
DDR4-1.2,30,30,93853514842.57872,20.56788181593881,43.333333333333336,86.25392583333334,46928023988.0
DDR4-1.2,30,35,92064815592.2039,20.363899063899066,42.5,84.73674916666667,46033751125.0
DDR4-1.2,30,40,90705674362.8186,20.05964405964406,41.66666666666667,82.51192250000001,45354026986.0
DDR4-1.2,30,45,89188788005.997,19.81949726646066,40.833333333333336,80.86695416666667,44595622188.0
DDR4-1.2,30,50,87831949625.18741,19.659191812038348,39.583333333333336,78.819855,43917356521.0
DDR4-1.2,30,55,86691118440.77962,19.432368134855903,38.75,77.25402749999999,43347286357.0
DDR4-1.2,30,60,85355696551.72414,19.152436456897874,37.91666666666667,75.70189500000001,42679728936.0
DDR4-1.2,30,65,84385813493.25339,18.877282846577618,37.083333333333336,73.71825833333334,42193943029.0
DDR4-1.2,30,70,83018842578.71063,18.704193765418257,36.66666666666667,72.9057475,41510802999.0
DDR4-1.2,30,80,81151309145.42728,18.3804747207525,35.0,69.83704416666667,40576191904.0
DDR4-1.2,30,90,78939423088.45576,18.08008165329865,34.16666666666667,67.75881666666668,39470747826.0
DDR4-1.2,30,100,76778506746.62668,18.015803976658745,33.333333333333336,65.85217916666667,38390596701.0
DDR4-1.2,30,120,72376151124.43779,17.700638576381518,31.25,62.185768333333336,36189226987.0
DDR4-1.2,30,140,67766769415.29234,17.616837489433646,30.0,59.737142500000004,33884459370.0
DDR4-1.2,30,160,63309989805.09744,17.4852457870079,28.75,57.44513666666666,31655992804.0
DDR4-1.2,30,180,59150200899.550224,17.289705577441428,28.333333333333336,56.150307500000004,29575983209.0
DDR4-1.2,30,200,55477541229.3853,17.196222428365285,27.916666666666668,55.0065,27739730135.0
DDR4-1.2,30,220,52253092653.67316,17.05001192179304,27.083333333333336,54.015800000000006,26127544228.0
DDR4-1.2,30,260,46551162818.590706,16.895145221209052,26.25,52.44788416666667,23276579310.0
DDR4-1.2,30,300,42045179010.49475,16.818780266343826,25.833333333333336,51.42363,21022858171.0
DDR4-1.2,30,340,38025326536.731636,16.78022300469484,25.833333333333336,50.88103916666667,19013354122.0
DDR4-1.2,30,380,34951407496.25188,16.727845773140718,25.416666666666668,50.30592,17475588606.0
DDR4-1.2,30,450,30055244377.811092,16.67884653861545,25.0,49.52254333333334,15028159520.0
DDR4-1.2,30,550,25460907946.026985,16.5969541716408,24.583333333333336,48.6712,12730952924.0
DDR4-1.2,30,600,23518762218.890553,16.63456038840117,24.583333333333336,48.337423333333334,11759880060.0
DDR4-1.2,30,700,20650103748.125935,16.591242207189282,24.166666666666668,47.82051666666667,10325128636.0
DDR4-1.2,30,800,18082197301.349323,16.562454467183258,23.75,47.42866083333333,9041060270.0
DDR4-1.2,30,900,16339401499.250376,16.542377645502647,23.75,47.04892,8169854273.0
DDR4-1.2,30,1000,14699619790.104946,16.564159878137627,23.75,46.9717525,7350462369.0
DDR4-1.2,30,2000,9126419190.404799,16.505812227938268,22.916666666666668,45.41104333333333,4563286357.0
DDR4-1.2,30,10000,5199678560.719639,16.407516725698546,21.25,42.188748333333336,2599839280.0
DDR4-1.2,40,0,131635276761.6192,44.62038523274479,122.08333333333334,199.89477166666668,65819519040.0
DDR4-1.2,40,5,130388744827.58621,36.999593315587106,102.08333333333334,182.53601416666666,65196675262.0
DDR4-1.2,40,10,124956862368.8156,29.774002976190477,77.08333333333334,150.61926916666667,62480887557.0
DDR4-1.2,40,15,99721940629.68517,20.640185276883717,43.333333333333336,86.47607666666667,49862275262.0
DDR4-1.2,40,20,98211041679.16042,20.39266348662753,42.5,84.36324916666668,49106595502.0
DDR4-1.2,40,25,96828564917.54121,20.00237094837935,41.25,82.1117975,48415549025.0
DDR4-1.2,40,30,95287191604.1979,19.825301085492434,40.41666666666667,80.210615,47644632084.0
DDR4-1.2,40,35,93865643178.4108,19.559904996481354,39.583333333333336,78.57446666666667,46933857871.0
DDR4-1.2,40,40,92664323838.08096,19.37400309717383,38.75,76.8209875,46333620390.0
DDR4-1.2,40,45,91154960119.94002,19.117308721241308,37.91666666666667,75.3015525,45579130435.0
DDR4-1.2,40,50,89573977811.09445,18.97209584470731,37.5,74.3563275,44787986806.0
DDR4-1.2,40,55,88362218890.55472,18.758783277090366,36.66666666666667,72.80672166666668,44182068966.0
DDR4-1.2,40,60,86840266266.86656,18.70559542498318,36.25,71.77192083333334,43421015892.0
DDR4-1.2,40,65,85468689655.17241,18.384773662551442,35.41666666666667,70.0928025,42735419490.0
DDR4-1.2,40,70,83998320839.5802,18.300042059834688,35.0,69.26963416666666,42000004798.0
DDR4-1.2,40,80,81088825187.40628,18.0749331599104,33.75,67.06613250000001,40545180210.0
DDR4-1.2,40,90,78303222788.6057,17.962086116497883,32.5,64.76689583333334,39153415292.0
DDR4-1.2,40,100,75457899850.07497,17.72949440192744,31.666666666666668,63.176051666666666,37730677061.0
DDR4-1.2,40,120,70177237781.10944,17.69396978702328,30.0,59.948215000000005,35089731934.0
DDR4-1.2,40,140,65202470764.61768,17.46338674766094,29.166666666666668,57.8921275,32602118141.0
DDR4-1.2,40,160,60785530434.7826,17.26660628019324,28.333333333333336,56.21064666666667,30393763119.0
DDR4-1.2,40,180,56828852773.61319,17.068170964660936,27.5,54.79434583333333,28415347527.0
DDR4-1.2,40,200,53135390704.647675,17.043276108726754,27.083333333333336,53.810125,26568501349.0
DDR4-1.2,40,220,49964828785.60719,16.967872405372404,26.666666666666668,52.96582083333333,24982836582.0
DDR4-1.2,40,260,44539931634.182915,16.833568738229758,26.25,52.01835333333334,22270503148.0
DDR4-1.2,40,300,40158838980.50975,16.77422032193159,25.833333333333336,51.00134333333333,20079611394.0
DDR4-1.2,40,340,36290897751.124435,16.72792937399679,25.416666666666668,50.50282083333334,18146408396.0
DDR4-1.2,40,380,33458163718.14093,16.74969024177885,25.416666666666668,50.34368,16729235382.0
DDR4-1.2,40,450,28973826686.65667,16.684748899559825,25.0,49.516263333333335,14487220389.0
DDR4-1.2,40,550,24436140329.83508,16.61136846649399,24.583333333333336,48.631175000000006,12218070165.0
DDR4-1.2,40,600,22625487256.371815,16.60794813043767,24.583333333333336,48.42206083333333,11313472863.0
DDR4-1.2,40,700,20106554722.63868,16.584460803820136,24.166666666666668,47.934980833333334,10053354122.0
DDR4-1.2,40,800,17754271664.167915,16.588506433213954,24.166666666666668,47.660334166666665,8877212594.0
DDR4-1.2,40,900,16058530734.632683,16.56209848334327,23.75,47.3126375,8029342129.0
DDR4-1.2,40,1000,14451679760.11994,16.561734220809324,23.75,47.21411333333334,7225839880.0
DDR4-1.2,40,2000,9122888155.922039,16.51910375800806,22.916666666666668,45.295505,4561559220.0
DDR4-1.2,40,10000,5192232683.658171,16.446814982899237,21.25,42.15463416666667,2596154723.0
DDR4-1.2,50,0,133527373913.04347,43.81031162464986,120.83333333333334,201.36150666666666,66766104947.0
DDR4-1.2,50,5,132105595202.3988,34.636835548172755,95.0,171.39244916666667,66055829685.0
DDR4-1.2,50,10,126551277961.01949,28.024383753501404,71.25,139.42100416666668,63277980210.0
DDR4-1.2,50,15,101958774212.89354,19.85309523809524,40.833333333333336,81.491805,50980269865.0
DDR4-1.2,50,20,100580826386.8066,19.59869400062657,40.0,79.30633833333334,50291718141.0
DDR4-1.2,50,25,98851233583.2084,19.363927603561752,39.16666666666667,77.55703333333334,49426691454.0
DDR4-1.2,50,30,97155492653.67316,19.030912444850145,37.91666666666667,75.700495,48578398800.0
DDR4-1.2,50,35,95494755022.48874,18.910374149659866,37.083333333333336,74.13465333333333,47748413793.0
DDR4-1.2,50,40,93630829385.30734,18.75306524184477,36.66666666666667,73.02131083333335,46816489355.0
DDR4-1.2,50,45,91998723838.08096,18.54894488948227,35.833333333333336,71.28749583333334,46000513343.0
DDR4-1.2,50,50,90198280059.97002,18.412140281151103,35.41666666666667,70.09344166666666,45100061170.0
DDR4-1.2,50,55,88172924737.63118,18.246873404798368,34.583333333333336,68.74449583333335,44087345128.0
DDR4-1.2,50,60,86538900149.92505,18.130173226063636,34.16666666666667,68.0831575,43270524738.0
DDR4-1.2,50,65,84884840779.6102,18.046058802308803,33.333333333333336,66.55677416666667,42443149625.0
DDR4-1.2,50,70,83272386206.89655,17.916926244181884,32.91666666666667,65.35553083333333,41637114243.0
DDR4-1.2,50,80,79851504647.67615,17.77444918265814,32.083333333333336,63.37186166666667,39926404798.0
DDR4-1.2,50,90,76740740029.985,17.72387861394558,31.25,61.762575833333344,38371176012.0
DDR4-1.2,50,100,73576549325.33733,17.5521688056666,30.416666666666668,60.125135,36789157422.0
DDR4-1.2,50,120,67952302248.87556,17.361923851173124,29.166666666666668,57.8677975,33976880360.0
DDR4-1.2,50,140,62768359820.08996,17.258514492753623,28.333333333333336,56.0668075,31384333433.0
DDR4-1.2,50,160,58594984107.94602,17.06372799836267,27.5,54.69313583333334,29298336431.0
DDR4-1.2,50,180,54486241679.16042,17.041555964302745,27.083333333333336,53.73751,27243581409.0
DDR4-1.2,50,200,51103817691.15443,16.95133949739213,26.666666666666668,52.882330833333334,25552945127.0
DDR4-1.2,50,220,47914449175.41229,16.87533724537974,26.25,52.43260583333334,23957838681.0
DDR4-1.2,50,260,42683989205.3973,16.809423064006985,25.833333333333336,51.16898666666667,21342455173.0
DDR4-1.2,50,300,38266665067.46626,16.825564971751415,25.833333333333336,50.85618083333333,19133409295.0
DDR4-1.2,50,340,34697403298.35082,16.76087502511553,25.416666666666668,50.381255,17349162219.0
DDR4-1.2,50,380,32100557721.139423,16.73338850989834,25.416666666666668,50.11289416666666,16050317241.0
DDR4-1.2,50,450,28196001199.4003,16.64198423782921,25.0,49.30484416666667,14098422789.0
DDR4-1.2,50,550,23819898050.97451,16.654204129204132,24.583333333333336,48.67132083333334,11910102549.0
DDR4-1.2,50,600,22150563118.44078,16.630902500665073,24.583333333333336,48.40925083333334,11076010794.0
DDR4-1.2,50,700,19621344527.73613,16.58717999734713,24.166666666666668,47.946175000000004,9810633883.0
DDR4-1.2,50,800,17430721439.28036,16.551727843915344,24.166666666666668,47.50315083333333,8715399100.0
DDR4-1.2,50,900,15833081859.070465,16.54287367724868,23.75,47.39069833333333,7917116641.0
DDR4-1.2,50,1000,14299922038.98051,16.54222056878307,23.75,47.24972416666667,7150536731.0
DDR4-1.2,50,2000,9121276161.91904,16.51660227197675,22.916666666666668,45.3569825,4560676462.0
DDR4-1.2,50,10000,5195610194.902549,16.430147783251233,21.25,42.10688666666667,2597805097.0
DDR4-1.2,60,0,132749548425.78711,39.970957174816235,105.83333333333334,181.05161166666667,66377077061.0
DDR4-1.2,60,5,130972593703.14842,32.38271545031056,84.58333333333334,156.9196775,65487985607.0
DDR4-1.2,60,10,125422421589.20538,26.29629191632503,63.75,125.24340416666666,62712477361.0
DDR4-1.2,60,15,97892788005.997,19.08696771978022,38.333333333333336,75.9972725,48947583808.0
DDR4-1.2,60,20,96352028785.6072,18.93359641153759,37.5,74.5470625,48177319340.0
DDR4-1.2,60,25,94670872563.71815,18.67220853858785,36.66666666666667,72.77761333333333,47336894752.0
DDR4-1.2,60,30,92941510044.97752,18.501155353445725,35.833333333333336,71.381345,46472290255.0
DDR4-1.2,60,35,91513513643.1784,18.355097586029792,35.41666666666667,70.02334750000001,45757869865.0
DDR4-1.2,60,40,89647592203.89804,18.18649581970193,34.583333333333336,69.02223083333334,44825331335.0
DDR4-1.2,60,45,87890058170.91454,18.129810828440966,34.16666666666667,67.83429416666667,43945758321.0
DDR4-1.2,60,50,86249125037.48126,18.102420755536258,33.75,67.17084083333333,43125905848.0
DDR4-1.2,60,55,84535191604.19789,17.991529995684076,32.91666666666667,65.6912425,42268823988.0
DDR4-1.2,60,60,82691914842.5787,17.831185842600515,32.5,64.7265075,41346840180.0
DDR4-1.2,60,65,81168810794.60269,17.829430424864558,32.083333333333336,63.591154166666676,40585480060.0
DDR4-1.2,60,70,79485198200.89955,17.7819829424307,31.666666666666668,62.68504750000001,39743827287.0
DDR4-1.2,60,80,76245704347.82608,17.708191820561808,30.833333333333336,60.93026833333333,38123888456.0
DDR4-1.2,60,90,73345113043.47826,17.61913567202029,30.0,59.65576083333333,36673400900.0
DDR4-1.2,60,100,70368911544.22789,17.432057449626996,29.583333333333336,58.580699166666676,35185453674.0
DDR4-1.2,60,120,65071208395.8021,17.285792038150532,28.333333333333336,56.3451475,32536909145.0
DDR4-1.2,60,140,60235610194.90254,17.09113035458086,27.916666666666668,55.027971666666666,30118419190.0
DDR4-1.2,60,160,56018940929.53523,17.06462341383545,27.083333333333336,53.63653166666667,28010353223.0
DDR4-1.2,60,180,52207803298.350815,16.940272979746666,26.666666666666668,52.638465833333335,26105053073.0
DDR4-1.2,60,200,48987192803.5982,16.891624451198922,26.25,52.10057333333334,24493980210.0
DDR4-1.2,60,220,46038855772.11394,16.846854583417528,25.833333333333336,51.662015000000004,23020195502.0
DDR4-1.2,60,260,41058485157.42129,16.762281494876433,25.416666666666668,50.64986833333334,20529703148.0
DDR4-1.2,60,300,36989505247.376305,16.715446136378816,25.0,49.996785833333334,18494944528.0
DDR4-1.2,60,340,33626041379.310345,16.710453816870366,25.0,49.69860333333333,16813865067.0
DDR4-1.2,60,380,31184945127.436283,16.68669967987195,25.0,49.639781666666664,15592549325.0
DDR4-1.2,60,450,27094855772.11394,16.656152181152184,24.583333333333336,48.958035,13548041979.0
DDR4-1.2,60,550,23358483958.02099,16.621421929999336,24.583333333333336,48.47142083333334,11679894453.0
DDR4-1.2,60,600,21751249175.41229,16.59214584162356,24.166666666666668,48.237902500000004,10876315442.0
DDR4-1.2,60,700,19314835382.308846,16.59177278153601,24.166666666666668,47.80034833333334,9657456072.0
DDR4-1.2,60,800,17125594002.9985,16.56401914034042,23.75,47.290855,8562912144.0
DDR4-1.2,60,900,15648853973.013493,16.563952910788796,23.75,47.093743333333336,7824810795.0
DDR4-1.2,60,1000,14291478260.869564,16.538103505291005,23.75,47.10445666666667,7146314842.0
DDR4-1.2,60,2000,9128798800.5997,16.4986232027437,22.916666666666668,45.34054416666667,4564476162.0
DDR4-1.2,60,10000,5194535532.233883,16.434384236453205,21.25,42.156112500000006,2597306147.0
DDR4-1.2,70,0,133723883658.1709,37.23671875,97.5,167.78174833333335,66864014393.0
DDR4-1.2,70,5,132103138830.5847,31.18584829219646,77.91666666666667,147.45760416666667,66053450075.0
DDR4-1.2,70,10,126126632683.65816,24.207655826558266,56.25,111.20345499999999,63064851574.0
DDR4-1.2,70,15,94481041079.46027,18.46855850867479,35.833333333333336,71.07848333333334,47241595203.0
DDR4-1.2,70,20,92339622188.90553,18.298844268890353,35.0,69.7344375,46170501949.0
DDR4-1.2,70,25,90240345427.28636,18.157075711382117,34.583333333333336,68.54478166666667,45121017091.0
DDR4-1.2,70,30,88430843778.11095,18.098576132580693,33.75,67.21376166666667,44216227886.0
DDR4-1.2,70,35,86668320239.88007,17.964303670186027,32.91666666666667,65.6126725,43334659071.0
DDR4-1.2,70,40,84579713343.32834,17.909103114930183,32.5,64.89641583333334,42290854572.0
DDR4-1.2,70,45,82919820089.95502,17.804069684675067,32.083333333333336,63.53886000000001,41460984708.0
DDR4-1.2,70,50,81425808695.65216,17.815538565725692,31.666666666666668,62.81455750000001,40714324438.0
DDR4-1.2,70,55,79768295052.47375,17.799985764111327,31.25,62.146205,39885913043.0
DDR4-1.2,70,60,78251562218.89055,17.749387907174793,30.833333333333336,61.54584083333333,39127124438.0
DDR4-1.2,70,65,76772826386.8066,17.6719478592624,30.416666666666668,60.375680833333334,38387295952.0
DDR4-1.2,70,70,75425659970.01498,17.616045012679628,30.0,59.551305000000006,37713482459.0
DDR4-1.2,70,80,72495054872.56372,17.443020985846754,29.166666666666668,58.109547500000005,36248179910.0
DDR4-1.2,70,90,69722885757.12144,17.296997028129105,28.75,57.04452333333334,34861788306.0
DDR4-1.2,70,100,66872650074.962524,17.333601926942542,28.333333333333336,56.06264166666667,33436900749.0
DDR4-1.2,70,120,61725553223.388306,17.113693897099072,27.5,54.559897500000005,30863659370.0
DDR4-1.2,70,140,57169981409.29536,16.97156084656085,27.083333333333336,53.357995833333334,28585835083.0
DDR4-1.2,70,160,53172236281.85907,16.82779349363508,26.25,52.322109166666664,26587116042.0
DDR4-1.2,70,180,49664844377.8111,16.797090133655722,25.833333333333336,51.54528583333334,24832921139.0
DDR4-1.2,70,200,46596298650.67466,16.762331725939323,25.833333333333336,51.03922583333333,23298878561.0
DDR4-1.2,70,220,43786823388.30585,16.757258388587505,25.416666666666668,50.69308083333333,21894025787.0
DDR4-1.2,70,260,39132075562.21889,16.66668331668332,25.416666666666668,50.01473416666667,19566690255.0
DDR4-1.2,70,300,35351105247.37631,16.708091230882257,25.0,49.540668333333336,17675821289.0
DDR4-1.2,70,340,32179852473.76312,16.653596403596406,25.0,49.2991,16090655472.0
DDR4-1.2,70,380,29972495352.32384,16.64273244213887,24.583333333333336,49.0177625,14986286057.0
DDR4-1.2,70,450,26040458170.914543,16.62060835491798,24.583333333333336,48.638666666666666,13020689655.0
DDR4-1.2,70,550,22580121139.430283,16.59110127337843,24.166666666666668,48.280680000000004,11290175712.0
DDR4-1.2,70,600,21113513643.178406,16.58736238227882,24.166666666666668,47.999496666666666,10556987106.0
DDR4-1.2,70,700,18902702248.875565,16.566660043711504,24.166666666666668,47.552259166666666,9451427886.0
DDR4-1.2,70,800,16832364617.691154,16.563795615603684,23.75,47.277412500000004,8416297451.0
DDR4-1.2,70,900,15347334332.833582,16.543810848400557,23.75,46.824175000000004,7674473163.0
DDR4-1.2,70,1000,14049372113.94303,16.56420127160739,23.75,46.92745166666667,7025338531.0
DDR4-1.2,70,2000,9123962818.590706,16.518856086123773,22.916666666666668,45.4101075,4562058171.0
DDR4-1.2,70,10000,5195072863.568215,16.42794745484401,21.25,42.304767500000004,2597613193.0
DDR4-1.2,80,0,128196432983.50826,33.27387603085927,76.66666666666667,129.99996833333336,64100058770.0
DDR4-1.2,80,5,126997416491.7541,29.062979094076656,65.0,120.93382750000002,63500704048.0
DDR4-1.2,80,10,124069728335.83206,23.398914772195717,50.833333333333336,99.46179666666667,62036322639.0
DDR4-1.2,80,15,93382966116.94151,18.011265398746488,33.333333333333336,66.45759416666667,46691905247.0
DDR4-1.2,80,20,91151889655.17241,18.044859307359307,32.91666666666667,65.16116666666667,45576443779.0
DDR4-1.2,80,25,90816978710.64467,17.856491397158564,32.083333333333336,63.66310166666668,45409909445.0
DDR4-1.2,80,30,87460039580.20988,17.880478692978695,31.666666666666668,63.09071500000001,43731132834.0
DDR4-1.2,80,35,86308615292.35382,17.775506396588487,31.25,61.883501666666675,43154921739.0
DDR4-1.2,80,40,83982891754.12294,17.80462132536124,30.833333333333336,61.02081916666666,41991944827.0
DDR4-1.2,80,45,82054870164.91754,17.66566871555744,30.416666666666668,60.35288666666666,41028586507.0
DDR4-1.2,80,50,79951294752.62369,17.64656084656085,30.0,59.62337000000001,39976530135.0
DDR4-1.2,80,55,78014368815.59221,17.48917907838613,29.583333333333336,58.977635,39007913643.0
DDR4-1.2,80,60,76506233283.3583,17.51590511204482,29.166666666666668,58.060617500000006,38253922639.0
DDR4-1.2,80,65,74828531334.33282,17.43784424457924,29.166666666666668,57.582777500000006,37415800899.0
DDR4-1.2,80,70,73319858470.76462,17.34733485825189,28.75,56.889064166666664,36660581709.0
DDR4-1.2,80,80,70289002698.65068,17.235485149197164,27.916666666666668,55.74949333333334,35145268965.0
DDR4-1.2,80,90,67455040479.76012,17.16164059283656,27.5,54.89071666666667,33728249476.0
DDR4-1.2,80,100,64741977811.094444,17.038183799986378,27.083333333333336,54.145632500000005,32371295952.0
DDR4-1.2,80,120,59664580509.74513,16.964514652014653,26.666666666666668,52.78594666666667,29833211394.0
DDR4-1.2,80,140,55128199100.44977,16.889969604863225,26.25,51.85235416666667,27565135832.0
DDR4-1.2,80,160,51183880059.97002,16.784758551307846,25.833333333333336,51.1234825,25592323838.0
DDR4-1.2,80,180,47796313043.47826,16.7337981540931,25.416666666666668,50.37340666666667,23898655473.0
DDR4-1.2,80,200,44786029385.30734,16.713884992987378,25.0,49.959246666666665,22393782308.0
DDR4-1.2,80,220,42134376011.994,16.70179656715421,25.0,49.730630833333336,21067379911.0
DDR4-1.2,80,260,37695788905.547226,16.661854811854813,25.0,49.398923333333336,18848546927.0
DDR4-1.2,80,300,34195228785.6072,16.642424847033787,24.583333333333336,49.004758333333335,17097883059.0
DDR4-1.2,80,340,31219948425.7871,16.63148443735036,24.583333333333336,48.67417583333334,15610166117.0
DDR4-1.2,80,380,28874036581.70914,16.638983107209363,24.583333333333336,48.468900833333336,14437363718.0
DDR4-1.2,80,450,25205214992.50375,16.592535482159438,24.166666666666668,48.25378333333333,12603183208.0
DDR4-1.2,80,550,22042098950.52474,16.56593151864362,24.166666666666668,47.68057,11021241379.0
DDR4-1.2,80,600,20611415892.053974,16.54287367724868,24.166666666666668,47.58922916666667,10306053373.0
DDR4-1.2,80,700,18445510044.97751,16.561312007417712,23.75,47.20321333333334,9222831784.0
DDR4-1.2,80,800,16532456971.514242,16.53856646825397,23.75,47.045026666666665,8266305247.0
DDR4-1.2,80,900,15173776311.844078,16.56455725544738,23.75,46.763265000000004,7587003298.0
DDR4-1.2,80,1000,14033098650.674662,16.56478905887807,23.333333333333336,46.49709083333334,7016702849.0
DDR4-1.2,80,2000,9124423388.305847,16.517411333465425,22.916666666666668,45.378,4562288456.0
DDR4-1.2,80,10000,5193460869.565217,16.428251231527092,21.25,42.460968333333334,2596807196.0
DDR4-1.2,90,0,137722856971.51422,30.77842377260982,71.25,133.9042975,68862618291.0
DDR4-1.2,90,5,136470107346.32684,27.391748768472908,62.91666666666667,122.88731416666667,68236128336.0
DDR4-1.2,90,10,128002379610.19489,21.352875917392048,45.41666666666667,89.62861583333334,64001573614.0
DDR4-1.2,90,15,98582798200.89955,17.706511356399915,30.416666666666668,60.48982250000001,49292320240.0
DDR4-1.2,90,20,93266979310.34482,17.67446481559983,30.0,59.72184416666667,46633719940.0
DDR4-1.2,90,25,92069344527.73611,17.547382355003858,29.583333333333336,58.89315833333334,46035593404.0
DDR4-1.2,90,30,89631702548.72565,17.41884224450014,29.166666666666668,58.01676416666666,44816004797.0
DDR4-1.2,90,35,87293006296.85158,17.336487142164,28.75,57.19514833333334,43647078861.0
DDR4-1.2,90,40,85559191604.19789,17.298448406938974,28.75,56.72734916666666,42780056372.0
DDR4-1.2,90,45,82545991004.49776,17.289584629207273,28.333333333333336,56.22493,41273724738.0
DDR4-1.2,90,50,80960479760.11992,17.23500275652953,28.333333333333336,55.848925,40481237781.0
DDR4-1.2,90,55,78274360419.7901,17.18753006253006,27.916666666666668,55.50266666666667,39137564018.0
DDR4-1.2,90,60,76395926836.58171,17.167412858515167,27.5,54.799909166666666,38198615892.0
DDR4-1.2,90,65,74637394902.54872,17.065766134534044,27.5,54.264002500000004,37319810495.0
DDR4-1.2,90,70,72792429385.30734,16.968177655677657,27.083333333333336,53.74250166666666,36396713643.0
DDR4-1.2,90,80,69300005997.0015,16.903799392097266,26.666666666666668,52.88707,34650425188.0
DDR4-1.2,90,90,66036025187.406296,16.871998516120332,26.25,52.083468333333336,33018703448.0
DDR4-1.2,90,100,63103040479.76012,16.856806088772146,25.833333333333336,51.47032666666667,31552402998.0
DDR4-1.2,90,120,57925315742.12893,16.760941999866052,25.416666666666668,50.758025,28963271964.0
DDR4-1.2,90,140,53388857571.21439,16.75150693188668,25.416666666666668,50.0956425,26694774213.0
DDR4-1.2,90,160,49484224287.85607,16.69011771375217,25.0,49.7095075,24742841380.0
DDR4-1.2,90,180,46014906146.92654,16.702272423695987,25.0,49.2603875,23008259070.0
DDR4-1.2,90,200,43088906746.626686,16.63811851556265,24.583333333333336,49.094547500000004,21544798801.0
DDR4-1.2,90,220,40504650074.96252,16.65601898101898,24.583333333333336,48.90081083333334,20252516942.0
DDR4-1.2,90,260,36228720839.580215,16.63179203245544,24.583333333333336,48.558847500000006,18114475562.0
DDR4-1.2,90,300,32759402698.650673,16.59280905955697,24.166666666666668,48.25989666666667,16379662968.0
DDR4-1.2,90,340,30056395802.098946,16.564052255116234,24.166666666666668,47.97466333333333,15028274663.0
DDR4-1.2,90,380,27614531934.03298,16.601281795842464,24.166666666666668,47.83327666666667,13807726536.0
DDR4-1.2,90,450,24554122938.530735,16.57441717994569,24.166666666666668,47.57665333333333,12277483658.0
DDR4-1.2,90,550,21455256371.814095,16.563870123849263,23.75,47.19840416666666,10727858471.0
DDR4-1.2,90,600,20071628185.907047,16.57643586682584,23.75,47.128095,10036197901.0
DDR4-1.2,90,700,17921304947.526234,16.538442460317462,23.75,46.969105000000006,8960882759.0
DDR4-1.2,90,800,16230323238.380808,16.51509972921207,23.333333333333336,46.5566575,8115353523.0
DDR4-1.2,90,900,14899660569.715141,16.53936011904762,23.333333333333336,46.47806083333334,7449907046.0
DDR4-1.2,90,1000,13872283058.470764,16.56161831909398,23.333333333333336,46.21893166666667,6936295053.0
DDR4-1.2,90,2000,9127033283.35832,16.500288550323177,22.916666666666668,45.276160833333336,4563516642.0
DDR4-1.2,90,10000,5191158020.989506,16.446683438568797,21.25,42.37223083333333,2595617391.0
DDR4-1.2,100,0,142365246176.91153,24.034010176651307,62.91666666666667,123.35555083333333,71182392804.0
DDR4-1.2,100,5,142604128335.8321,20.374379324379326,52.91666666666667,104.70568166666666,71301949026.0
DDR4-1.2,100,10,138741253373.31332,17.50040206978533,38.75,76.96601666666666,69371125637.0
DDR4-1.2,100,15,109621195802.09894,17.036225219701617,27.083333333333336,53.71338416666667,54809292953.0
DDR4-1.2,100,20,115706319640.1799,16.903630530226273,26.666666666666668,53.16721166666667,57852277062.0
DDR4-1.2,100,25,111525191004.49774,16.85497070115175,26.25,52.307235,55762134933.0
DDR4-1.2,100,30,107656789205.39731,16.790222647592184,26.25,51.672934166666664,53827818891.0
DDR4-1.2,100,35,103652749625.1874,16.760841537740273,25.833333333333336,50.935250833333335,51825952623.0
DDR4-1.2,100,40,98495443478.26086,16.73812867843767,25.416666666666668,50.656285833333335,49247491454.0
DDR4-1.2,100,45,95764648875.56221,16.708759099712818,25.416666666666668,50.10051416666667,47882362818.0
DDR4-1.2,100,50,92027970014.9925,16.727795612627073,25.416666666666668,50.0667275,46014023388.0
DDR4-1.2,100,55,89017686356.82158,16.661346986346988,25.0,49.63900916666667,44508536132.0
DDR4-1.2,100,60,85417336131.93404,16.65287212787213,25.0,49.45542666666667,42708859970.0
DDR4-1.2,100,65,82732137931.03447,16.638367916999204,25.0,49.39100333333334,41365915442.0
DDR4-1.2,100,70,79640256671.66417,16.656160506160507,24.583333333333336,49.1275725,39820205098.0
DDR4-1.2,100,80,74680995502.24887,16.657867132867135,24.583333333333336,48.951145833333335,37340574513.0
DDR4-1.2,100,90,70187140029.985,16.631068768289442,24.583333333333336,48.749804166666664,35093915442.0
DDR4-1.2,100,100,66147406296.85157,16.616249916982134,24.583333333333336,48.59807916666667,33073818291.0
DDR4-1.2,100,120,59334735832.083954,16.608703593013217,24.166666666666668,48.245330833333334,29667751724.0
DDR4-1.2,100,140,53862476761.619194,16.593596630852897,24.166666666666668,47.90356333333334,26931430285.0
DDR4-1.2,100,160,49412452173.91305,16.58753647698634,24.166666666666668,47.72264666666667,24706456372.0
DDR4-1.2,100,180,45701795502.24887,16.58936861652739,24.166666666666668,47.765586666666664,22851435082.0
DDR4-1.2,100,200,42565085457.271355,16.564946354063185,23.75,47.48949666666667,21282888156.0
DDR4-1.2,100,220,39798366416.7916,16.573109146301082,23.75,47.292584166666664,19899259970.0
DDR4-1.2,100,260,35367225187.406296,16.56393635340089,23.75,47.20645666666667,17683574213.0
DDR4-1.2,100,300,31894452773.61319,16.555856348102523,23.75,46.9530375,15947495053.0
DDR4-1.2,100,340,29360321439.280354,16.563928074706933,23.75,46.86493166666667,14680160720.0
DDR4-1.2,100,380,27173229385.307343,16.56204881117955,23.75,46.85673583333333,13586729835.0
DDR4-1.2,100,450,24054788605.69715,16.58618517044701,23.75,46.66666666666667,12027355922.0
DDR4-1.2,100,550,20756341829.085453,16.54192294973545,23.333333333333336,46.4822625,10378170915.0
DDR4-1.2,100,600,19642146926.53673,16.522373026880658,23.333333333333336,46.27981333333334,9821035082.0
DDR4-1.2,100,700,17436862368.815594,16.537789351851853,23.333333333333336,46.406890833333335,8718968516.0
DDR4-1.2,100,800,16013855472.263866,16.545395171957672,23.333333333333336,46.139225833333334,8007234783.0
DDR4-1.2,100,900,14767170014.992504,16.515157519318407,23.333333333333336,45.93401083333333,7383623389.0
DDR4-1.2,100,1000,13789610794.602697,16.528242850538277,22.916666666666668,45.740119166666666,6894920539.0
DDR4-1.2,100,2000,9134172113.943027,16.47347362181387,22.916666666666668,45.340545,4567162819.0
DDR4-1.2,100,10000,5193307346.326837,16.432093596059115,21.25,42.45043916666667,2596692054.0
