type,rd_percentage,pause,bandwidth_bytes_per_second,latency_core_ptr_chase,latency_mem_ptr_chase
DDR4-1.3333333,0,0,101876274662.66867,210.0233385661957,189.04761904761904
DDR4-1.3333333,0,5,100849971814.09296,177.11052213093026,154.76190476190476
DDR4-1.3333333,0,10,99441223388.30585,162.01263362487853,135.71428571428572
DDR4-1.3333333,0,15,93145379310.34483,132.23842546727428,98.57142857142857
DDR4-1.3333333,0,20,86961165817.09146,121.77569241982506,89.52380952380952
DDR4-1.3333333,0,25,84531823688.15593,116.44642130356415,83.33333333333333
DDR4-1.3333333,0,30,82106108545.72716,113.99931972789115,82.38095238095238
DDR4-1.3333333,0,35,78084720839.58022,110.89967369061445,78.09523809523809
DDR4-1.3333333,0,40,68582016191.904045,102.36811416295842,70.95238095238095
DDR4-1.3333333,0,45,65098698650.67466,102.24489795918367,69.52380952380952
DDR4-1.3333333,0,50,63588260269.865074,100.52415966386553,67.61904761904762
DDR4-1.3333333,0,55,61822925337.33134,100.20508203281312,68.57142857142857
DDR4-1.3333333,0,60,60114144527.73614,99.87884204776802,67.61904761904762
DDR4-1.3333333,0,65,57966632683.65817,99.42554247976562,66.66666666666666
DDR4-1.3333333,0,70,55875137631.18442,97.03994789405124,66.66666666666666
DDR4-1.3333333,0,80,51974313643.17841,96.19061990993579,62.857142857142854
DDR4-1.3333333,0,90,47083255172.413795,93.51947628366415,60.476190476190474
DDR4-1.3333333,0,100,35944242278.86057,89.68944683136412,55.238095238095234
DDR4-1.3333333,0,120,32697350524.737637,89.33528967142412,55.714285714285715
DDR4-1.3333333,0,140,30238119340.329838,88.37414965986395,55.238095238095234
DDR4-1.3333333,0,160,28118212893.553223,87.84533684441519,54.76190476190476
DDR4-1.3333333,0,180,26327421889.055473,87.62951334379905,54.76190476190476
DDR4-1.3333333,0,200,24816311844.07796,88.00921658986175,56.19047619047619
DDR4-1.3333333,0,220,23787456671.66417,87.65820687249258,53.33333333333333
DDR4-1.3333333,0,260,21504805997.0015,86.53689830362524,52.857142857142854
DDR4-1.3333333,0,300,19770501949.025486,86.38177042969086,53.80952380952381
DDR4-1.3333333,0,340,18522012593.70315,86.90385198665453,53.80952380952381
DDR4-1.3333333,0,380,17279366716.641678,85.43835034013604,51.904761904761905
DDR4-1.3333333,0,450,15299569415.292355,85.80969494716125,52.857142857142854
DDR4-1.3333333,0,550,13420521739.130434,85.45038265306123,52.38095238095238
DDR4-1.3333333,0,600,12646294452.773613,85.13533163265305,51.42857142857142
DDR4-1.3333333,0,700,11253061469.26537,85.67809010396611,50.95238095238095
DDR4-1.3333333,0,800,10127016491.754124,85.74714414067513,51.42857142857142
DDR4-1.3333333,0,900,9344594902.548727,84.65284995985972,52.38095238095238
DDR4-1.3333333,0,1000,8680050374.812595,84.54100646469767,50.476190476190474
DDR4-1.3333333,0,2000,5012696851.574213,83.27845528455283,50.0
DDR4-1.3333333,0,10000,1780044377.8110945,78.2807490812417,44.76190476190476
DDR4-1.3333333,10,0,101550047376.31186,198.73528541851522,172.38095238095238
DDR4-1.3333333,10,5,100046728635.68216,175.24577010291296,141.9047619047619
DDR4-1.3333333,10,10,98026900149.92503,155.32475262832406,126.66666666666666
DDR4-1.3333333,10,15,90839421889.05547,129.29399306892566,98.57142857142857
DDR4-1.3333333,10,20,84167177211.3943,119.38793412101683,84.76190476190476
DDR4-1.3333333,10,25,81239728935.53224,114.07069160997732,80.0
DDR4-1.3333333,10,30,78773176611.69415,113.26620565581605,80.0
DDR4-1.3333333,10,35,75455088455.77211,110.14214395435593,78.09523809523809
DDR4-1.3333333,10,40,68147113643.17841,105.2549973835688,74.76190476190476
DDR4-1.3333333,10,45,62278246476.76162,101.2450491307634,69.04761904761905
DDR4-1.3333333,10,50,60862042578.71065,101.68357193623717,68.09523809523809
DDR4-1.3333333,10,55,59358858170.91454,99.81677342469834,68.57142857142857
DDR4-1.3333333,10,60,57950848575.71214,99.88256616515218,69.04761904761905
DDR4-1.3333333,10,65,55992007196.4018,98.49111731023343,66.19047619047619
DDR4-1.3333333,10,70,54110944527.73613,97.98937992463172,64.76190476190476
DDR4-1.3333333,10,80,50497861469.265366,96.11665229472071,64.28571428571428
DDR4-1.3333333,10,90,44147679760.11994,93.85521932911095,60.95238095238095
DDR4-1.3333333,10,100,34952530134.93254,90.34121728161463,57.14285714285714
DDR4-1.3333333,10,120,31945691154.42279,90.36581520025229,57.14285714285714
DDR4-1.3333333,10,140,29750692653.673164,89.78875760830648,57.61904761904761
DDR4-1.3333333,10,160,27705475262.368816,89.53933941997852,56.19047619047619
DDR4-1.3333333,10,180,25895138830.58471,87.93978494623656,55.714285714285715
DDR4-1.3333333,10,200,24564840779.6102,88.54797243572753,55.238095238095234
DDR4-1.3333333,10,220,23479229985.0075,89.1056867191321,55.714285714285715
DDR4-1.3333333,10,260,21444423388.30585,87.94180381830151,54.285714285714285
DDR4-1.3333333,10,300,19709313343.328335,87.60204081632654,55.238095238095234
DDR4-1.3333333,10,340,18511870464.76762,87.79732280008778,54.76190476190476
DDR4-1.3333333,10,380,17289979010.49475,86.9665930066294,54.76190476190476
DDR4-1.3333333,10,450,15373788305.847076,86.9657697473894,53.80952380952381
DDR4-1.3333333,10,550,13488023988.005999,85.93411200958371,53.80952380952381
DDR4-1.3333333,10,600,12702714242.878563,85.85089633337611,54.285714285714285
DDR4-1.3333333,10,700,11360460569.715143,85.89860094981388,52.38095238095238
DDR4-1.3333333,10,800,10261013493.253374,85.11738945578232,51.904761904761905
DDR4-1.3333333,10,900,9466636281.859072,85.63868566294443,50.95238095238095
DDR4-1.3333333,10,1000,8740298650.674664,85.14999999999999,52.38095238095238
DDR4-1.3333333,10,2000,5079527436.28186,83.66599891490338,49.52380952380952
DDR4-1.3333333,10,10000,1795291154.4227886,78.39045273281727,43.80952380952381
DDR4-1.3333333,20,0,100807656971.51425,196.69067055393586,136.66666666666666
DDR4-1.3333333,20,5,99112376611.69415,167.36120789779324,122.85714285714285
DDR4-1.3333333,20,10,97620610494.75262,153.19773752197506,113.80952380952381
DDR4-1.3333333,20,15,89887337931.03448,128.71852137081248,95.23809523809524
DDR4-1.3333333,20,20,83486579910.04498,118.82023070097604,84.76190476190476
DDR4-1.3333333,20,25,79823726536.73164,114.43977591036413,80.0
DDR4-1.3333333,20,30,77596488155.92204,113.32029009951087,81.9047619047619
DDR4-1.3333333,20,35,74247570614.69266,110.22191134518323,77.14285714285714
DDR4-1.3333333,20,40,66835084857.57122,103.47763347763347,69.04761904761905
DDR4-1.3333333,20,45,61123655772.113945,102.95309702828499,67.14285714285714
DDR4-1.3333333,20,50,59604015592.2039,100.88793146888383,69.04761904761905
DDR4-1.3333333,20,55,58006395202.3988,100.81738473167043,66.66666666666666
DDR4-1.3333333,20,60,56529069865.06747,100.2625050020008,70.0
DDR4-1.3333333,20,65,54748353823.088455,98.33088631135907,66.19047619047619
DDR4-1.3333333,20,70,53000817991.0045,98.38100132139186,64.76190476190476
DDR4-1.3333333,20,80,49704961919.04049,96.24465842675097,62.38095238095238
DDR4-1.3333333,20,90,45519217991.00449,94.24288060051606,60.476190476190474
DDR4-1.3333333,20,100,34359652173.91304,90.93374149659864,57.61904761904761
DDR4-1.3333333,20,120,31502527136.431786,90.85156462585033,58.095238095238095
DDR4-1.3333333,20,140,29442936131.934032,90.51096995089426,58.095238095238095
DDR4-1.3333333,20,160,27370247676.16192,88.7326618959272,55.238095238095234
DDR4-1.3333333,20,180,25518939730.134933,89.32159530478859,55.714285714285715
DDR4-1.3333333,20,200,24307727736.131935,89.30452180872349,55.714285714285715
DDR4-1.3333333,20,220,23344897151.424286,89.06029078297986,55.238095238095234
DDR4-1.3333333,20,260,21204639280.35982,88.53591306652531,54.76190476190476
DDR4-1.3333333,20,300,19521851874.062973,87.88558262014483,54.285714285714285
DDR4-1.3333333,20,340,18406755022.488754,88.05587008997146,54.285714285714285
DDR4-1.3333333,20,380,17210722638.680656,87.98082071538293,54.285714285714285
DDR4-1.3333333,20,450,15308704047.976011,87.0298106503748,54.285714285714285
DDR4-1.3333333,20,550,13429925037.48126,86.89488279388188,54.285714285714285
DDR4-1.3333333,20,600,12663421889.055473,86.83647471727545,53.80952380952381
DDR4-1.3333333,20,700,11313309745.127436,86.3358735899423,52.857142857142854
DDR4-1.3333333,20,800,10234617091.454273,85.79343687160397,51.42857142857142
DDR4-1.3333333,20,900,9438359220.389805,85.73884396525905,51.904761904761905
DDR4-1.3333333,20,1000,8708797601.1994,85.60522825482394,51.42857142857142
DDR4-1.3333333,20,2000,5073213793.103449,83.58607737573557,49.047619047619044
DDR4-1.3333333,20,10000,1790455172.413793,78.75211356218789,44.285714285714285
DDR4-1.3333333,30,0,101762360419.79012,206.65893630179343,193.8095238095238
DDR4-1.3333333,30,5,99955180809.5952,172.65659175062427,150.0
DDR4-1.3333333,30,10,97975249175.41231,154.11832148589772,123.33333333333333
DDR4-1.3333333,30,15,90124771214.3928,129.8912212504049,98.57142857142857
DDR4-1.3333333,30,20,83685123838.08096,118.62448979591836,88.09523809523809
DDR4-1.3333333,30,25,79481647976.01198,114.4804779054479,80.47619047619047
DDR4-1.3333333,30,30,77293836281.85909,112.12027433924389,79.04761904761905
DDR4-1.3333333,30,35,74227756521.73914,110.14488698705289,78.57142857142857
DDR4-1.3333333,30,40,66583277961.01949,104.47286700939917,69.52380952380952
DDR4-1.3333333,30,45,60556771214.39281,101.91572748502387,68.57142857142857
DDR4-1.3333333,30,50,59113835082.45878,100.33053221288515,68.57142857142857
DDR4-1.3333333,30,55,57540394602.698654,100.24574829931971,67.61904761904762
DDR4-1.3333333,30,60,56343287556.22189,99.03795721187025,66.19047619047619
DDR4-1.3333333,30,65,54410439580.2099,98.35501394802526,65.23809523809524
DDR4-1.3333333,30,70,52465031484.25787,97.7173469387755,65.23809523809524
DDR4-1.3333333,30,80,48923547826.08696,96.3520647695698,63.33333333333333
DDR4-1.3333333,30,90,44837680359.82009,94.91572184429326,62.857142857142854
DDR4-1.3333333,30,100,33541430884.557728,91.33059398255946,56.666666666666664
DDR4-1.3333333,30,120,31029877061.46927,90.50241023561743,54.76190476190476
DDR4-1.3333333,30,140,29143306746.62669,89.88950053705692,58.57142857142857
DDR4-1.3333333,30,160,27210660269.865067,90.17110420327072,56.666666666666664
DDR4-1.3333333,30,180,25316097151.424286,89.2175092259126,54.76190476190476
DDR4-1.3333333,30,200,24104213493.253372,89.24472011026633,54.285714285714285
DDR4-1.3333333,30,220,23212243478.260868,89.1209372637944,55.714285714285715
DDR4-1.3333333,30,260,21066007796.10195,88.24024577572965,55.714285714285715
DDR4-1.3333333,30,300,19324718440.779613,88.53653149571517,54.76190476190476
DDR4-1.3333333,30,340,18271078860.569717,88.59298524604645,52.857142857142854
DDR4-1.3333333,30,380,17077531634.18291,87.79872723282861,53.80952380952381
DDR4-1.3333333,30,450,15186259670.164919,87.55202337345195,54.285714285714285
DDR4-1.3333333,30,550,13371221589.205399,86.91715412279561,54.285714285714285
DDR4-1.3333333,30,600,12632659670.164917,86.82871874864595,52.857142857142854
DDR4-1.3333333,30,700,11265352923.538233,86.67351271718879,54.285714285714285
DDR4-1.3333333,30,800,10196533733.133434,86.23753552053734,53.80952380952381
DDR4-1.3333333,30,900,9389059070.46477,85.63556240106105,51.904761904761905
DDR4-1.3333333,30,1000,8695901649.175413,85.45905612244898,52.38095238095238
DDR4-1.3333333,30,2000,5069721139.4302845,83.65176745544844,48.095238095238095
DDR4-1.3333333,30,10000,1800731634.1829088,77.9910592808552,45.238095238095234
DDR4-1.3333333,40,0,100911697751.12445,199.18505373163757,138.57142857142856
DDR4-1.3333333,40,5,99290098950.52475,168.89325606785926,131.9047619047619
DDR4-1.3333333,40,10,97393789505.24739,151.38563869992439,110.47619047619047
DDR4-1.3333333,40,15,89652792803.5982,126.05391786344168,93.33333333333333
DDR4-1.3333333,40,20,83894884557.72115,119.53968253968253,82.38095238095238
DDR4-1.3333333,40,25,79326762218.89056,112.24339243894278,79.52380952380952
DDR4-1.3333333,40,30,77052977511.2444,110.76350865549472,76.66666666666666
DDR4-1.3333333,40,35,74338648275.86208,109.16386394557823,77.61904761904762
DDR4-1.3333333,40,40,65873328935.53223,104.42711741185023,72.38095238095238
DDR4-1.3333333,40,45,60026022188.90555,100.65681272509003,65.23809523809524
DDR4-1.3333333,40,50,58539092053.973015,100.11364545818327,66.19047619047619
DDR4-1.3333333,40,55,57008167916.041985,99.58498435870699,67.14285714285714
DDR4-1.3333333,40,60,55832352623.688156,98.98595090209997,65.71428571428571
DDR4-1.3333333,40,65,53888690854.57272,98.62437148772553,64.76190476190476
DDR4-1.3333333,40,70,52108310644.67766,98.74967958197772,65.71428571428571
DDR4-1.3333333,40,80,48843015292.35383,96.69947411588748,63.80952380952381
DDR4-1.3333333,40,90,44713691154.42279,94.89909297052155,61.904761904761905
DDR4-1.3333333,40,100,34284224287.85607,91.46852029402365,60.476190476190474
DDR4-1.3333333,40,120,30825892653.673164,90.58854800198225,57.14285714285714
DDR4-1.3333333,40,140,29273139430.28486,89.68828320802005,55.714285714285715
DDR4-1.3333333,40,160,27271513043.47826,89.66295202291442,57.61904761904761
DDR4-1.3333333,40,180,25307701349.325336,89.38917789337957,55.714285714285715
DDR4-1.3333333,40,200,24055719340.329838,88.82251082251082,54.76190476190476
DDR4-1.3333333,40,220,23089731934.03298,88.79238448626204,55.714285714285715
DDR4-1.3333333,40,260,21014826986.50675,88.97607932061713,55.714285714285715
DDR4-1.3333333,40,300,19311352323.83808,88.66967046558882,54.76190476190476
DDR4-1.3333333,40,340,18241995802.09895,88.75161233324498,54.76190476190476
DDR4-1.3333333,40,380,17068262668.665668,88.05371955233706,54.76190476190476
DDR4-1.3333333,40,450,15219977211.394302,87.5529391243677,55.714285714285715
DDR4-1.3333333,40,550,13354228485.757122,86.78638589193639,54.76190476190476
DDR4-1.3333333,40,600,12633197001.499252,86.7192685991594,52.38095238095238
DDR4-1.3333333,40,700,11287249175.412294,86.89085315654924,53.80952380952381
DDR4-1.3333333,40,800,10262020989.505247,86.22720227331438,51.904761904761905
DDR4-1.3333333,40,900,9359976011.994003,85.6075813973388,52.38095238095238
DDR4-1.3333333,40,1000,8697513643.178413,85.31687925170068,50.476190476190474
DDR4-1.3333333,40,2000,5068579310.344828,83.50444472267434,50.0
DDR4-1.3333333,40,10000,1797910644.6776614,78.36136523574946,44.76190476190476
DDR4-1.3333333,50,0,103885893853.07347,214.47268282312925,195.23809523809524
DDR4-1.3333333,50,5,101800981109.44528,174.49624978196405,144.28571428571428
DDR4-1.3333333,50,10,99396893553.22339,155.45686456400742,127.14285714285714
DDR4-1.3333333,50,15,91055832083.95802,126.41049382716048,94.28571428571428
DDR4-1.3333333,50,20,85182128935.53223,119.54368063014678,87.61904761904762
DDR4-1.3333333,50,25,79882698650.67467,113.51275510204081,82.38095238095238
DDR4-1.3333333,50,30,77468468965.51724,111.6549013047842,80.47619047619047
DDR4-1.3333333,50,35,74729019490.25487,109.9376782971253,79.52380952380952
DDR4-1.3333333,50,40,66135412293.85308,103.99158747468454,70.47619047619047
DDR4-1.3333333,50,45,59549812293.85307,100.53886554621847,66.66666666666666
DDR4-1.3333333,50,50,58210782608.695656,99.04249235926254,64.28571428571428
DDR4-1.3333333,50,55,56663402698.65068,99.76850886339938,67.14285714285714
DDR4-1.3333333,50,60,55485505247.37632,98.33661234277884,65.71428571428571
DDR4-1.3333333,50,65,53378964917.54123,97.99652522879656,65.23809523809524
DDR4-1.3333333,50,70,51675826086.95653,97.4958211856171,64.28571428571428
DDR4-1.3333333,50,80,48371977211.3943,95.91209159720226,63.80952380952381
DDR4-1.3333333,50,90,43885999400.29985,94.13825944170772,61.42857142857142
DDR4-1.3333333,50,100,34013543628.185905,90.77165532879818,56.666666666666664
DDR4-1.3333333,50,120,30073292953.52324,90.28607469477858,59.047619047619044
DDR4-1.3333333,50,140,28604094752.623688,89.92396168993912,57.14285714285714
DDR4-1.3333333,50,160,26867171214.392803,90.44519529666171,57.14285714285714
DDR4-1.3333333,50,180,24733428485.757122,89.20866124227469,54.285714285714285
DDR4-1.3333333,50,200,23471438680.65967,89.13414254590725,56.19047619047619
DDR4-1.3333333,50,220,22580408995.50225,89.62723773720013,55.714285714285715
DDR4-1.3333333,50,260,20629694752.62369,88.72828871808463,55.238095238095234
DDR4-1.3333333,50,300,18907346326.836582,88.57319551197101,54.285714285714285
DDR4-1.3333333,50,340,17901529235.382313,88.11972789115646,53.80952380952381
DDR4-1.3333333,50,380,16753520839.580212,88.70492092941072,53.80952380952381
DDR4-1.3333333,50,450,14929079460.269865,87.4309262166405,55.714285714285715
DDR4-1.3333333,50,550,13121093853.073465,86.48553345388788,55.714285714285715
DDR4-1.3333333,50,600,12429749925.037481,86.89548940595346,53.33333333333333
DDR4-1.3333333,50,700,11130952923.53823,86.52949280978214,53.33333333333333
DDR4-1.3333333,50,800,10058708245.877062,86.68772477143723,52.38095238095238
DDR4-1.3333333,50,900,9223628185.907045,85.69122491764001,51.904761904761905
DDR4-1.3333333,50,1000,8557740329.835083,85.58704488084543,51.42857142857142
DDR4-1.3333333,50,2000,4989860269.865068,83.19852331176372,49.52380952380952
DDR4-1.3333333,50,10000,1784208695.652174,78.06763848396501,44.76190476190476
DDR4-1.3333333,60,0,103976299850.07498,206.5439084724799,192.38095238095238
DDR4-1.3333333,60,5,102125797901.04948,166.99659863945575,139.52380952380952
DDR4-1.3333333,60,10,99667171214.3928,151.1938775510204,119.04761904761904
DDR4-1.3333333,60,15,92086097751.12444,125.71915371653249,97.14285714285714
DDR4-1.3333333,60,20,86671074062.96854,117.91068496364063,87.14285714285714
DDR4-1.3333333,60,25,81797008695.65218,113.47210884353741,78.57142857142857
DDR4-1.3333333,60,30,79430937331.33434,111.30208506166694,79.04761904761905
DDR4-1.3333333,60,35,76945376911.54424,109.95413649330699,78.09523809523809
DDR4-1.3333333,60,40,69011411094.45279,103.94474736459469,72.38095238095238
DDR4-1.3333333,60,45,62477462068.96552,101.76723525230989,69.52380952380952
DDR4-1.3333333,60,50,60567249175.4123,100.53866546618647,69.52380952380952
DDR4-1.3333333,60,55,59071856071.96402,99.55856795272854,65.71428571428571
DDR4-1.3333333,60,60,57619382308.84558,99.85873181389343,66.66666666666666
DDR4-1.3333333,60,65,55706146926.536736,98.25453922576224,63.80952380952381
DDR4-1.3333333,60,70,54061308545.727135,98.84851621808144,65.71428571428571
DDR4-1.3333333,60,80,50915233583.2084,96.55401167559222,64.28571428571428
DDR4-1.3333333,60,90,47116771214.39281,95.3459397745112,63.80952380952381
DDR4-1.3333333,60,100,36277454872.56372,92.70040261002359,58.095238095238095
DDR4-1.3333333,60,120,32328472563.718143,91.17401360544217,57.61904761904761
DDR4-1.3333333,60,140,30577041079.46027,90.43816731990809,57.61904761904761
DDR4-1.3333333,60,160,28534040179.910046,89.76459004654492,56.666666666666664
DDR4-1.3333333,60,180,26509241379.310345,90.09037257287021,55.714285714285715
DDR4-1.3333333,60,200,25023251574.21289,89.28958249966654,56.19047619047619
DDR4-1.3333333,60,220,24041815892.053974,89.14187897381174,56.19047619047619
DDR4-1.3333333,60,260,21807457871.06447,89.08225512427192,55.714285714285715
DDR4-1.3333333,60,300,19924648875.562218,88.4194716847778,54.285714285714285
DDR4-1.3333333,60,340,18649897451.27437,87.89892473118279,52.857142857142854
DDR4-1.3333333,60,380,17404229085.45727,87.921044546851,53.80952380952381
DDR4-1.3333333,60,450,15485217391.30435,87.56706785278213,54.285714285714285
DDR4-1.3333333,60,550,13492188305.847076,87.08670219680228,54.285714285714285
DDR4-1.3333333,60,600,12707012893.553225,86.92140040729667,53.33333333333333
DDR4-1.3333333,60,700,11362475562.218891,86.97525889336626,52.38095238095238
DDR4-1.3333333,60,800,10233206596.70165,86.16322225092568,53.33333333333333
DDR4-1.3333333,60,900,9477114242.878561,85.75120865956445,51.42857142857142
DDR4-1.3333333,60,1000,8622152923.538233,85.41475340136054,52.857142857142854
DDR4-1.3333333,60,2000,5029824287.856071,83.68853553691415,50.476190476190474
DDR4-1.3333333,60,10000,1780245877.0614693,78.53256704980842,44.76190476190476
DDR4-1.3333333,70,0,105002468365.8171,196.82478134110787,178.57142857142856
DDR4-1.3333333,70,5,102706720239.88005,163.56997084548104,139.04761904761904
DDR4-1.3333333,70,10,99895469865.06747,142.41496598639455,112.85714285714285
DDR4-1.3333333,70,15,91876135532.23389,122.77551020408163,93.33333333333333
DDR4-1.3333333,70,20,85840762818.5907,114.82198593723203,80.47619047619047
DDR4-1.3333333,70,25,80449045877.06146,111.2538023339417,77.14285714285714
DDR4-1.3333333,70,30,78098019790.10495,108.9965170068027,77.14285714285714
DDR4-1.3333333,70,35,75544957121.43929,106.56616709183673,73.33333333333333
DDR4-1.3333333,70,40,71102771814.09296,104.70041862899005,71.42857142857143
DDR4-1.3333333,70,45,60734493553.2234,100.07127851140456,67.61904761904762
DDR4-1.3333333,70,50,59049623988.006,98.9449866903283,67.14285714285714
DDR4-1.3333333,70,55,57499758920.539734,98.22179807174668,67.14285714285714
DDR4-1.3333333,70,60,56216746026.98651,97.3234693877551,65.23809523809524
DDR4-1.3333333,70,65,54607237181.4093,97.34927113702624,64.28571428571428
DDR4-1.3333333,70,70,52752033583.208405,97.5935860058309,64.28571428571428
DDR4-1.3333333,70,80,49617108245.87706,95.91022324422727,64.28571428571428
DDR4-1.3333333,70,90,45506926536.731636,94.1780436312456,61.904761904761905
DDR4-1.3333333,70,100,37149812293.85307,92.0302904945762,59.52380952380952
DDR4-1.3333333,70,120,31677562818.590706,90.58453845114205,56.19047619047619
DDR4-1.3333333,70,140,29830419190.404797,90.50141911069063,58.095238095238095
DDR4-1.3333333,70,160,27767268365.817093,90.11857458215074,57.61904761904761
DDR4-1.3333333,70,180,25951088455.772114,89.35965497310035,55.238095238095234
DDR4-1.3333333,70,200,24495995202.398804,89.07265128273531,55.238095238095234
DDR4-1.3333333,70,220,23455251574.212894,89.10012894046508,57.14285714285714
DDR4-1.3333333,70,260,21428504947.526234,89.12676181583744,56.19047619047619
DDR4-1.3333333,70,300,19646579910.04498,88.05279789335088,53.33333333333333
DDR4-1.3333333,70,340,18380291454.272865,88.49310893188444,55.714285714285715
DDR4-1.3333333,70,380,17140533733.133434,88.19293394777266,54.76190476190476
DDR4-1.3333333,70,450,15254164917.54123,87.27088784231641,53.80952380952381
DDR4-1.3333333,70,550,13367393103.448277,87.078642922137,53.80952380952381
DDR4-1.3333333,70,600,12573821889.055471,86.800987911088,53.33333333333333
DDR4-1.3333333,70,700,11306593103.448275,86.26354085938172,53.33333333333333
DDR4-1.3333333,70,800,10182831784.107946,85.88597954905232,52.38095238095238
DDR4-1.3333333,70,900,9379924437.78111,85.87755102040816,52.857142857142854
DDR4-1.3333333,70,1000,8577621589.205398,85.14111394557823,51.904761904761905
DDR4-1.3333333,70,2000,5016525337.331335,83.65744334543632,50.0
DDR4-1.3333333,70,10000,1776887556.221889,78.91974361999135,46.19047619047619
DDR4-1.3333333,80,0,105963418290.85458,195.66637512147716,171.9047619047619
DDR4-1.3333333,80,5,104357872263.86807,163.05320699708454,129.04761904761904
DDR4-1.3333333,80,10,101930880959.52023,142.13343253968253,117.14285714285714
DDR4-1.3333333,80,15,94263968815.59221,121.02582625970743,88.09523809523809
DDR4-1.3333333,80,20,87494131334.33284,112.1951600312256,78.09523809523809
DDR4-1.3333333,80,25,81697199400.29987,107.72473083721678,76.19047619047619
DDR4-1.3333333,80,30,78972459370.31485,107.33510096952166,72.85714285714285
DDR4-1.3333333,80,35,76643866866.56673,105.8608342561831,75.71428571428571
DDR4-1.3333333,80,40,71618139730.13495,103.53272521129664,70.47619047619047
DDR4-1.3333333,80,45,61478630284.857574,98.03650956785592,67.61904761904762
DDR4-1.3333333,80,50,59988274662.66866,97.92840013703322,64.76190476190476
DDR4-1.3333333,80,55,58315562218.89056,98.09220378799002,63.80952380952381
DDR4-1.3333333,80,60,57044370614.69266,97.03690838037342,63.80952380952381
DDR4-1.3333333,80,65,55293812293.85308,96.86881844936556,63.33333333333333
DDR4-1.3333333,80,70,53789284557.72114,96.28772635814889,63.80952380952381
DDR4-1.3333333,80,80,50805685157.421295,95.83951327009677,63.33333333333333
DDR4-1.3333333,80,90,47151093253.37332,94.75047241118669,63.33333333333333
DDR4-1.3333333,80,100,38853488455.77212,92.40076300790585,60.0
DDR4-1.3333333,80,120,34187303148.42579,91.00947845804988,57.14285714285714
DDR4-1.3333333,80,140,31983908845.57721,90.50578907059511,57.61904761904761
DDR4-1.3333333,80,160,29738804197.90105,90.75986394557822,57.14285714285714
DDR4-1.3333333,80,180,27939953223.38831,90.14533495517412,58.095238095238095
DDR4-1.3333333,80,200,26592594902.548725,89.25877017473657,56.19047619047619
DDR4-1.3333333,80,220,25339538230.88456,89.06780489973767,56.666666666666664
DDR4-1.3333333,80,260,22970713043.47826,88.5419648378832,55.238095238095234
DDR4-1.3333333,80,300,21076754422.78861,88.99573162598372,55.714285714285715
DDR4-1.3333333,80,340,19438296851.574215,88.4273345701917,54.76190476190476
DDR4-1.3333333,80,380,18185979010.494755,87.86837831906956,53.80952380952381
DDR4-1.3333333,80,450,16040414992.503748,88.09545753785385,55.238095238095234
DDR4-1.3333333,80,550,14040467766.116941,86.45487815379316,52.857142857142854
DDR4-1.3333333,80,600,13025314542.728638,86.88561029507343,53.33333333333333
DDR4-1.3333333,80,700,11653776311.844078,86.1240850770688,51.904761904761905
DDR4-1.3333333,80,800,10321194602.69865,85.94450862105849,51.904761904761905
DDR4-1.3333333,80,900,9614805397.30135,85.76109185812689,53.33333333333333
DDR4-1.3333333,80,1000,8769247376.311844,86.21131490570912,52.38095238095238
DDR4-1.3333333,80,2000,5075833283.358321,83.19586859133898,49.52380952380952
DDR4-1.3333333,80,10000,1782663868.065967,78.4346313237939,44.285714285714285
DDR4-1.3333333,90,0,108253255772.11395,198.3281080548161,188.09523809523807
DDR4-1.3333333,90,5,107046208095.95203,164.8400131136792,143.8095238095238
DDR4-1.3333333,90,10,105124173913.04347,144.28664518438956,107.61904761904762
DDR4-1.3333333,90,15,98683250374.8126,119.57936507936508,89.04761904761904
DDR4-1.3333333,90,20,91026480359.8201,110.37091288128154,76.19047619047619
DDR4-1.3333333,90,25,83926116941.52925,105.99820703475189,71.9047619047619
DDR4-1.3333333,90,30,81160405397.30135,105.07723704866561,71.42857142857143
DDR4-1.3333333,90,35,78214083358.32085,103.26556380127809,68.09523809523809
DDR4-1.3333333,90,40,74138089355.32236,101.66011777845466,68.09523809523809
DDR4-1.3333333,90,45,66447870464.76762,99.36838969164307,66.19047619047619
DDR4-1.3333333,90,50,64622555922.03899,97.45335276967928,65.23809523809524
DDR4-1.3333333,90,55,62659483058.47077,97.52915451895042,67.14285714285714
DDR4-1.3333333,90,60,60999599400.29986,96.97331982438365,64.28571428571428
DDR4-1.3333333,90,65,59282086956.521736,96.76769431176726,62.38095238095238
DDR4-1.3333333,90,70,57748408995.50225,96.46215081777392,62.857142857142854
DDR4-1.3333333,90,80,54668089955.02249,95.31654060225489,61.904761904761905
DDR4-1.3333333,90,90,51270275262.36881,94.54776077097506,62.38095238095238
DDR4-1.3333333,90,100,44761446476.76162,92.59229950483594,59.52380952380952
DDR4-1.3333333,90,120,38491394302.84858,91.68880975208876,58.095238095238095
DDR4-1.3333333,90,140,35871836881.55923,90.92598639455782,56.666666666666664
DDR4-1.3333333,90,160,33443703748.125942,90.73918367346938,58.095238095238095
DDR4-1.3333333,90,180,31232383808.095955,90.31981799342253,57.61904761904761
DDR4-1.3333333,90,200,29252116341.829086,89.70833333333333,57.61904761904761
DDR4-1.3333333,90,220,27734692653.673164,89.57362155388472,54.76190476190476
DDR4-1.3333333,90,260,24937412893.553226,88.46072974644403,55.238095238095234
DDR4-1.3333333,90,300,22654493553.22339,88.40308331124656,55.714285714285715
DDR4-1.3333333,90,340,20667375112.44378,87.79135396093922,54.285714285714285
DDR4-1.3333333,90,380,19128726836.58171,87.83647136273864,54.285714285714285
DDR4-1.3333333,90,450,16840232683.658173,87.26875109017965,51.904761904761905
DDR4-1.3333333,90,550,14401688755.62219,87.00402963733264,52.38095238095238
DDR4-1.3333333,90,600,13508442578.710646,86.26216309308533,53.33333333333333
DDR4-1.3333333,90,700,11953069865.067467,85.66495529029221,52.38095238095238
DDR4-1.3333333,90,800,10754485157.421291,85.71586873743207,50.95238095238095
DDR4-1.3333333,90,900,9751421889.055473,85.31615646258504,52.857142857142854
DDR4-1.3333333,90,1000,8956708845.577213,84.89508598470444,53.33333333333333
DDR4-1.3333333,90,2000,5122043778.110944,83.3516674962668,50.0
DDR4-1.3333333,90,10000,1789111844.077961,77.86340136054422,44.285714285714285
DDR4-1.3333333,100,0,118486798200.89955,209.49345892203036,190.47619047619048
DDR4-1.3333333,100,5,118178437181.4093,180.31623702112424,154.76190476190476
DDR4-1.3333333,100,10,116563890854.57272,156.7097505668934,129.52380952380952
DDR4-1.3333333,100,15,112464321439.28035,127.68542183228432,93.33333333333333
DDR4-1.3333333,100,20,109866960000.0,118.78396923986986,88.57142857142857
DDR4-1.3333333,100,25,102609127436.28186,111.66800490688078,79.52380952380952
DDR4-1.3333333,100,30,99381378110.94453,110.04646697388633,75.71428571428571
DDR4-1.3333333,100,35,97116056371.8141,108.02218982831226,73.80952380952381
DDR4-1.3333333,100,40,91811454272.86357,104.26790258087968,69.52380952380952
DDR4-1.3333333,100,45,81369695952.02399,98.80784777679187,65.71428571428571
DDR4-1.3333333,100,50,78673501649.1754,98.02784711006704,64.28571428571428
DDR4-1.3333333,100,55,76428732833.5832,97.29271137026238,64.76190476190476
DDR4-1.3333333,100,60,73714470764.6177,96.67631591643749,62.857142857142854
DDR4-1.3333333,100,65,71297554422.7886,95.54745254745255,64.28571428571428
DDR4-1.3333333,100,70,68890847376.31186,95.40607012035584,61.42857142857142
DDR4-1.3333333,100,80,64842727436.28186,94.09612948627726,61.42857142857142
DDR4-1.3333333,100,90,59894577511.244385,94.07398545625146,61.42857142857142
DDR4-1.3333333,100,100,50134625487.25637,92.02068394925539,57.14285714285714
DDR4-1.3333333,100,120,43441089055.47227,90.32107942514754,59.047619047619044
DDR4-1.3333333,100,140,39943733733.13344,89.80979233798782,56.19047619047619
DDR4-1.3333333,100,160,36975381109.44528,89.79578410311493,55.238095238095234
DDR4-1.3333333,100,180,34186026986.50675,89.28593659686096,54.76190476190476
DDR4-1.3333333,100,200,31980886356.82159,88.56749712872163,53.80952380952381
DDR4-1.3333333,100,220,29972811994.003002,89.07549686541282,53.80952380952381
DDR4-1.3333333,100,260,26637999400.299854,87.46315192743764,52.857142857142854
DDR4-1.3333333,100,300,23997418890.55472,87.79324116743472,54.285714285714285
DDR4-1.3333333,100,340,21857564017.991005,87.53593232164661,55.238095238095234
DDR4-1.3333333,100,380,20085848275.86207,86.22134676655472,53.80952380952381
DDR4-1.3333333,100,450,17605728335.832085,86.25350899853612,52.38095238095238
DDR4-1.3333333,100,550,14929280959.52024,85.79998288623625,52.857142857142854
DDR4-1.3333333,100,600,13891559820.089956,86.25075346594333,52.857142857142854
DDR4-1.3333333,100,700,12247057271.364317,85.28886054421768,50.95238095238095
DDR4-1.3333333,100,800,10960686056.971514,85.27385204081632,51.42857142857142
DDR4-1.3333333,100,900,9963802098.950525,84.85029788312839,51.42857142857142
DDR4-1.3333333,100,1000,9151424287.856071,84.31502477534224,51.42857142857142
DDR4-1.3333333,100,2000,5158716641.67916,83.38559814169571,49.52380952380952
DDR4-1.3333333,100,10000,1786895352.3238382,78.43603878332942,45.238095238095234
